iteration,cost,capacities,,,,
0,6.01199E+11,"[np.float64(0.3425103420234742), np.float64(0.0), np.float64(0.0), np.float64(0.0), np.float64(0.0), np.float64(0.0), np.float64(0.0), np.float64(0.0)]",,,,
2,10662582275,"[np.float64(8.894364736242808e-07), np.float64(0.09666304830524633), np.float64(6.512489559362014e-07), np.float64(8.039775743557577e-07), np.float64(4.900362119115433e-07), np.float64(0.021902356880145607), np.float64(3.073981646074462e-07), np.float64(28.340558092163874)]",,,,
13,10662385091,"[np.float64(8.894364736242808e-07), np.float64(0.09666304830524633), np.float64(6.512489559362014e-07), np.float64(8.039775743557577e-07), np.float64(1.0046591611803251e-08), np.float64(0.021902356880145607), np.float64(3.073981646074462e-07), np.float64(28.340558092163874)]",,,,
14,7839693355,"[np.float64(8.894364736242808e-07), np.float64(0.09666304830524633), np.float64(6.512489559362014e-07), np.float64(8.039775743557577e-07), np.float64(1.0046591611803251e-08), np.float64(0.057753707244520974), np.float64(3.073981646074462e-07), np.float64(28.340558092163874)]",,,,
15,7839131648,"[np.float64(8.894364736242808e-07), np.float64(0.09666304830524633), np.float64(6.512489559362014e-07), np.float64(8.039775743557577e-07), np.float64(1.0046591611803251e-08), np.float64(0.057753707244520974), np.float64(8.475307896237272e-07), np.float64(28.340558092163874)]",,,,
18,7839103315,"[np.float64(8.994364736242808e-07), np.float64(0.09666304830524633), np.float64(6.512489559362014e-07), np.float64(8.039775743557577e-07), np.float64(1.0046591611803251e-08), np.float64(0.057753707244520974), np.float64(8.475307896237272e-07), np.float64(28.340558092163874)]",,,,
26,7821666.175,"[np.float64(1e-06), np.float64(0.17222447527966353), np.float64(0.0), np.float64(1e-06), np.float64(0.0), np.float64(0.0792), np.float64(1e-06), np.float64(28.74873103839913)]",,,,
27,7804113.485,"[np.float64(9.9e-07), np.float64(0.17222447527966353), np.float64(0.0), np.float64(1e-06), np.float64(0.0), np.float64(0.0792), np.float64(1e-06), np.float64(28.74873103839913)]",,,,
35,5278526.898,"[np.float64(0.0), np.float64(0.17222447527966353), np.float64(0.0), np.float64(1e-06), np.float64(0.0), np.float64(0.0792), np.float64(9.865325965786197e-07), np.float64(28.74873103839913)]",,,,
37,5278526.887,"[np.float64(0.0), np.float64(0.17222446527966354), np.float64(0.0), np.float64(1e-06), np.float64(0.0), np.float64(0.0792), np.float64(9.865325965786197e-07), np.float64(28.74873103839913)]",,,,
41,5278526.808,"[np.float64(0.0), np.float64(0.17222447527966353), np.float64(0.0), np.float64(1e-06), np.float64(0.0), np.float64(0.07919999000000001), np.float64(9.865325965786197e-07), np.float64(28.74873103839913)]",,,,
44,5278370.297,"[np.float64(0.0), np.float64(0.17222318210635298), np.float64(0.0), np.float64(1e-06), np.float64(0.0), np.float64(0.07919963295338694), np.float64(9.730140024670862e-07), np.float64(28.748724052835883)]",,,,
53,5277776.776,"[np.float64(0.0), np.float64(0.1722180094131108), np.float64(0.0), np.float64(1e-06), np.float64(0.0), np.float64(0.0791981647669347), np.float64(9.18939626020952e-07), np.float64(28.748696110582898)]",,,,
55,5277776.677,"[np.float64(0.0), np.float64(0.1722180194131108), np.float64(0.0), np.float64(1e-06), np.float64(0.0), np.float64(0.0791981647669347), np.float64(9.18939626020952e-07), np.float64(28.748696110582898)]",,,,
62,5153649.835,"[np.float64(0.0), np.float64(0.17222351754165646), np.float64(0.0), np.float64(1e-06), np.float64(0.0), np.float64(0.07919896343832616), np.float64(0.0), np.float64(28.748724758265393)]",,,,
64,5153649.827,"[np.float64(0.0), np.float64(0.17222352754165646), np.float64(0.0), np.float64(1e-06), np.float64(0.0), np.float64(0.07919896343832616), np.float64(0.0), np.float64(28.748724758265393)]",,,,
71,5153645.606,"[np.float64(0.0), np.float64(0.17222335627950905), np.float64(0.0), np.float64(1e-06), np.float64(0.0), np.float64(0.07919825932466286), np.float64(0.0), np.float64(28.748723253379072)]",,,,
73,5153645.595,"[np.float64(0.0), np.float64(0.17222336627950904), np.float64(0.0), np.float64(1e-06), np.float64(0.0), np.float64(0.07919825932466286), np.float64(0.0), np.float64(28.748723253379072)]",,,,
80,5153636.78,"[np.float64(0.0), np.float64(0.17222431517039785), np.float64(0.0), np.float64(1e-06), np.float64(0.0), np.float64(0.07919537112179452), np.float64(0.0), np.float64(28.74872541160966)]",,,,
88,5153636.779,"[np.float64(0.0), np.float64(0.17222431517039785), np.float64(0.0), np.float64(1e-06), np.float64(0.0), np.float64(0.07919537112179452), np.float64(0.0), np.float64(28.74872542160966)]",,,,
89,5153636.75,"[np.float64(0.0), np.float64(0.17222419102503325), np.float64(0.0), np.float64(1e-06), np.float64(0.0), np.float64(0.07919540631042872), np.float64(0.0), np.float64(28.74872492088201)]",,,,
97,5153636.749,"[np.float64(0.0), np.float64(0.17222419102503325), np.float64(0.0), np.float64(1e-06), np.float64(0.0), np.float64(0.07919540631042872), np.float64(0.0), np.float64(28.748724930882013)]",,,,
98,5153636.743,"[np.float64(0.0), np.float64(0.1722241515492918), np.float64(0.0), np.float64(1e-06), np.float64(0.0), np.float64(0.079195420692382), np.float64(0.0), np.float64(28.748724810965914)]",,,,
106,5153636.742,"[np.float64(0.0), np.float64(0.1722241515492918), np.float64(0.0), np.float64(1e-06), np.float64(0.0), np.float64(0.079195420692382), np.float64(0.0), np.float64(28.748724820965915)]",,,,
,,,,,,
,,,,,,
,,,,,,"only geo, grid, CO2 import available"
,,,,,,1% convergence threshhold
,,,,,,10 iteration convergance window
