Capacity (MW),GSHP EAC (€),Geothermal EAC (€),Waste Heat EAC (€)
0.207,31226.10659380781,112701.81692135471,3749.2293620039927
0.7402626262626262,88690.78934464768,279657.1970519555,13389.692431845033
1.2735252525252525,138778.9356083952,421733.0042528103,23030.15550168608
1.8067878787878786,185427.5432157056,553957.651806845,32670.618571527124
2.3400505050505047,229876.27887429207,680419.0252159782,42311.08164136815
2.873313131313131,272731.82797206397,802962.5985203893,51951.5447112092
3.406575757575757,314351.0513326727,922612.5487922546,61592.00778105023
3.9398383838383833,354967.3439327036,1040008.6229620127,71232.47085089127
4.47310101010101,394744.4018979742,1155582.7331993834,80872.93392073232
5.006363636363636,433802.8985902283,1269643.05080637,90513.39699057337
5.539626262626262,472235.17957582086,1382418.763610072,100153.86006041443
6.072888888888889,510114.0011879218,1494085.9118652153,109794.32313025545
6.606151515151514,547498.0408018196,1604783.2579932483,119434.7862000965
7.13941414141414,584435.5367632805,1714622.5264293076,129075.24926993754
7.672676767676767,620966.7854807018,1823695.2806075008,138715.71233977863
8.205939393939394,657125.909137948,1932077.6974596477,148356.17540961964
8.73920202020202,692942.1406840415,2039833.976444646,157996.63847946064
9.272464646464647,728440.7793524753,2147018.8327067504,167637.10154930173
9.805727272727273,763643.915280707,2253679.3586755404,177277.56461914274
10.3389898989899,798570.98854808,2359856.4395594136,186918.02768898377
10.872252525252526,833239.2270547817,2465585.8470104635,196558.49075882486
11.405515151515152,867663.9941516665,2570899.0962450174,206198.95382866586
11.938777777777778,901859.0679685322,2675824.126390212,215839.41689850696
12.472040404040404,935836.868309252,2780385.8467406468,225479.879968348
13.005303030303029,969608.642774863,2884606.579926243,235120.343038189
13.538565656565655,1003184.6208106946,2988506.424853513,244760.80610803005
14.071828282828282,1036574.1422496238,3092103.5565153495,254401.2691778711
14.605090909090908,1069785.7653791192,3195414.475614844,264041.73224771215
15.138353535353534,1102827.3584213844,3298454.21792041,273682.1953175531
15.67161616161616,1135706.1774663054,3401236.531030924,283322.65838739416
16.204878787878787,1168428.9332554603,3503774.0245550503,292963.1214572352
16.738141414141413,1201001.848726028,3606078.298442421,302603.5845270763
17.27140404040404,1233430.7088462687,3708160.0532366396,312244.0475969173
17.804666666666666,1265720.903980951,3810029.1852737893,321884.5106667583
18.337929292929292,1297877.4677950721,3911694.8692693003,331524.97373659944
18.87119191919192,1329905.1105223338,4013165.6302804556,341165.4368064405
19.404454545454545,1361808.2482800018,4114449.4066715743,350805.89987628144
19.93771717171717,1393591.0289955656,4215553.605422057,360446.3629461226
20.470979797979798,1425257.3554168288,4316485.150887489,370086.82601596357
21.004242424242424,1456810.9056008395,4417250.527938414,379727.2890858046
21.53750505050505,1488255.1512147977,4517855.8202507505,389367.7521556457
22.070767676767677,1519593.3739309139,4618306.744398813,399008.2152254867
22.604030303030303,1550828.6801549266,4718608.680300959,408648.6782953277
23.13729292929293,1581964.014292895,4818766.698484537,418289.14136516873
23.670555555555556,1613002.1707316395,4918785.584567844,427929.60443500977
24.203818181818182,1643945.8046836816,5018669.86129916,437570.06750485086
24.73708080808081,1674797.442026917,5118423.80844492,447210.53057469183
25.270343434343435,1705559.4882518342,5218051.480778566,456850.9936445329
25.803606060606057,1736234.236614327,5317556.7243875945,466491.45671437396
26.336868686868684,1766823.8755795672,5416943.191487416,476131.919784215
26.87013131313131,1797330.4956316722,5516214.353906072,485772.38285405596
27.403393939393936,1827756.0955147017,5615373.515383052,495412.8459238971
27.936656565656563,1858102.587962593,5714423.8228074005,505053.3089937382
28.46991919191919,1888371.804968834,5813368.276505073,514693.7720635792
29.003181818181815,1918565.5026407603,5912209.7396722,524334.2351334201
29.53644444444444,1948685.365678241,6010950.947039522,533974.6982032614
30.069707070707068,1978733.0115120693,6109594.5128433425,543615.1612731024
30.602969696969694,2008709.9941334757,6208142.938169823,553255.6243429433
31.13623232323232,2038617.8076428003,6306598.617731844,562896.0874127843
31.669494949494947,2068457.889542363,6404963.846131283,572536.5504826254
32.20275757575757,2098231.6237959648,6503240.823653709,582177.0135524665
32.7360202020202,2127940.343675149,6601431.661637574,591817.4766223077
33.269282828282826,2157585.334410304,6699538.387455541,601457.9396921487
33.80254545454545,2187167.835662909,6797562.949141715,611098.4027619896
34.33580808080808,2216689.0438336013,6895507.219695123,620738.8658318307
34.869070707070705,2246150.1142193726,6993373.0010867575,630379.3289016718
35.40233333333333,2275552.163031876,7091162.027994799,640019.7919715126
35.93559595959596,2304896.269287766,7188875.971290289,649660.2550413538
36.468858585858584,2334183.476580955,7286516.441293343,659300.7181111948
37.00212121212121,2363414.7947457735,7384084.990818136,668941.1811810358
37.53538383838384,2392591.2014192324,7481583.118023237,678581.6442508767
38.06864646464646,2421713.643509842,7579012.269082259,688222.1073207179
38.60190909090909,2450783.0385798197,7676373.840688562,697862.570390559
39.135171717171715,2479800.2761469074,7773669.182406405,707503.0334604002
39.66843434343434,2508766.218911511,7870899.598879985,717143.4965302412
40.20169696969697,2537681.7039143834,7968066.351910679,726783.9596000821
40.734959595959594,2566547.543629661,8065170.662412042,736424.4226699232
41.26822222222222,2595364.526997658,8162213.7122512255,746064.8857397643
41.80148484848485,2624133.4204014605,8259196.645984802,755705.3488096051
42.33474747474747,2652854.968591083,8356120.572496333,765345.8118794463
42.8680101010101,2681529.895558597,8452986.56654238,774986.2749492873
43.401272727272726,2710158.9053674336,8549795.67021317,784626.7380191282
43.93453535353535,2738742.682938779,8646548.894313607,794267.2010889692
44.46779797979798,2767281.894797778,8743247.219669888,803907.6641588104
45.001060606060605,2795777.1897820667,8839891.598366572,813548.1272286515
45.53432323232323,2824229.1997149424,8936482.954918584,823188.5902984926
46.06758585858586,2852638.540045344,9033022.187382288,832829.0533683336
46.600848484848484,2881005.8104566354,9129510.168409478,842469.5164381745
47.13411111111111,2909331.5954460585,9225947.746247815,852109.9795080157
47.66737373737374,2937616.4648765735,9322335.745691055,861750.4425778568
48.20063636363636,2965860.9745027097,9418674.96898203,871390.9056476979
48.73389898989899,2994065.6664719167,9514966.196671346,881031.3687175387
49.267161616161616,3022231.069802811,9611210.188434301,890671.8317873797
49.80042424242424,3050357.7008416294,9707407.6838486,900312.2948572207
50.33368686868687,3078446.0636980943,9803559.403135074,909952.7579270619
50.866949494949495,3106496.6506618364,9899666.04786355,919593.220996903
51.400212121212114,3134509.942600433,9995728.301625889,929233.6840667439
51.93347474747474,3162486.4093400547,10091746.830678003,938874.1471365851
52.46673737373737,3190426.510029656,10187722.284552608,948514.610206426
53.0,3218330.6934895664,10283655.296644313,958155.073276267
