initial_temp,visit,accept,maxiter,value
1389.522673378527,1.940862224430727,-1.070677868362278,127,3891794.4658229826
1464.127116930816,2.28410717659291,-6.963533953878784,58,3931089.538650196
2603.3958467488865,1.896861672028895,-1.4771871701986878,138,3061251.769412956
3473.0149460464363,2.2457291017887693,-8.96138806160349,70,2988203.098426695
4181.475916842611,2.1944210613555897,-1.6902922928423951,80,3270027.375828611
9459.215311267108,1.635525263732884,-5.5168555681759806,147,3172369.281310883
1734.8541217172115,1.8482585951215156,-6.117064087335157,115,3554524.1713481382
2809.3090151130004,2.0314465420925396,-6.94198272036985,61,3269886.004891094
1941.6827289197129,1.3884363001581574,-5.070765856082349,90,10000000000.0
2249.906657796099,2.7662637354313726,-2.5009883962604773,63,3352273.6481136596
5245.657281110137,2.639356002019992,-9.690003435319461,105,3352273.6481136596
3773.83234878481,2.434444732547744,-9.988179990400786,141,3138193.308934203
6905.667986400495,1.242248163387659,-3.6501231627419157,80,3914069.756031106
1040.8191785552588,1.6022678764516443,-8.367571642059284,127,3256696.249326992
2822.0918835307148,2.5447048478858636,-3.8075646236503284,100,2601506.6887840484
3648.0133685174856,2.525869172476527,-4.080187224270589,76,3388058.0722104856
5330.695281670657,2.8993599326742703,-8.091962298199656,96,3352273.6481136596
2975.5964128083206,2.3255391109775174,-3.520080929764047,108,2986515.5335750524
2646.465612215777,2.450046022658302,-3.2391817177442705,108,3105408.990500132
4882.04058690799,2.6522479173063926,-4.478335914829568,118,3352273.6481136596
6924.271133168142,2.128919386403998,-2.740162067884989,91,3229467.460378417
3107.397073207535,2.317851680149519,-4.509132703812166,73,4561663.091646731
2193.5550662688797,2.3376507851877975,-2.550833868410663,52,4829879.490914485
3287.16807912445,2.134475323302793,-8.830835519374107,100,4065192.859088465
4032.5474807843266,2.5412897382244934,-6.297725565430827,89,3273176.1534375395
2319.5443150685696,2.669325198317568,-3.486834877185362,115,3472254.6836324916
3103.562590005842,1.7453572212038384,-5.207313411840359,68,3952000.1181644523
4419.394060794275,2.8376408047741726,-7.506135216321706,126,3352273.6481136596
6424.251865885327,2.0333381204810363,-2.1112901017476773,85,3767503.1161371497
1698.6319559236663,2.2479226925873643,-4.379539661598344,109,3717865.6253173626
3306.544372701053,2.427318788957955,-1.1295431693576816,129,3536812.0192860705
2610.0236736585093,1.899993166924471,-1.0381864580573503,143,3730699.4749433002
2554.5271277602214,1.9456675641119734,-1.6780734781687106,122,2944114.808669788
1310.1210877484045,2.04142478052147,-1.8118114036736206,132,2316849.30522365
1113.7116298265598,2.048429442816639,-1.8526878440417607,134,2718941.842985469
1143.153290576944,1.8263962906291622,-1.8101193057622138,134,3125358.3028051807
1292.6101531491734,1.6749929964776835,-2.9437795757313703,150,3303495.8338037296
1490.4981987904557,1.5166096131834763,-2.0522914172308404,123,3636888.568947725
1290.327685455708,1.9777663617425023,-1.6591877247598976,135,4212183.960273676
1047.6510673967916,2.0691971169765253,-2.3421610479075716,132,3938361.6040964862
1629.671700375472,1.7661961531495982,-1.3656795129911052,120,3831792.685801322
1934.842588602367,2.1415338648801074,-3.895918462527885,110,2824888.4245118494
1983.988624833875,2.1702309817360828,-2.933190765067877,114,3357775.7723711827
1956.9310508169156,1.9461492475639641,-1.9034865219388806,141,3417532.5217114585
1484.9414097359913,2.0808066157206317,-3.918878720747692,101,3578806.4696534355
1207.4928454348412,2.2167126073990504,-5.736652746650174,122,3594529.439344236
2308.6146777699964,1.854427311364657,-1.5478450841285565,130,3196379.2534479913
1813.8581697968648,1.9736343226163362,-2.371919234686353,137,3345828.779256374
1509.211157066177,1.8198869819822803,-3.0176321196607896,124,3448880.3675418254
1338.0585540141683,1.6995961222987228,-4.949812030079282,113,4207046.658970597
