iteration,cost,capacities
0,981966276.799122,"[np.float64(0.05698438687087806), np.float64(0.2071459923), np.float64(0.0), np.float64(0.0), np.float64(0.0792), np.float64(0.0), np.float64(0.0), np.float64(0.0)]"
1,338797.01051149797,"[np.float64(0.07512690641027261), np.float64(0.16396834569201066), np.float64(0.03242921766071857), np.float64(0.20712265447354783), np.float64(0.016910190606469144), np.float64(0.026302329786254727), np.float64(0.18796870838124421), np.float64(25.907453419871263)]"
3,305791.81919022196,"[np.float64(0.07247566139374537), np.float64(0.05283166576055562), np.float64(0.16446557571025242), np.float64(0.18753766336229516), np.float64(0.1731170664815993), np.float64(0.06683195101871774), np.float64(0.02904120577578187), np.float64(27.36199886459003)]"
5,255458.6751565884,"[np.float64(0.016806568224962237), np.float64(0.07404082472894344), np.float64(0.02734769484409233), np.float64(0.14860771622214974), np.float64(0.15177882096895), np.float64(0.06878625267414272), np.float64(0.15170619924983572), np.float64(27.60445946041033)]"
13,252533.69610625843,"[np.float64(0.016806568224962237), np.float64(0.07404082472894344), np.float64(0.02734769484409233), np.float64(0.14860771622214974), np.float64(0.13346459566199986), np.float64(0.06878625267414272), np.float64(0.15170619924983572), np.float64(27.60445946041033)]"
15,214254.23473475472,"[np.float64(0.016806568224962237), np.float64(0.07404082472894344), np.float64(0.02734769484409233), np.float64(0.14860771622214974), np.float64(0.13346459566199986), np.float64(0.06878625267414272), np.float64(0.05622013724142491), np.float64(27.60445946041033)]"
26,205705.0608750936,"[np.float64(0.016806568224962237), np.float64(0.05769412873562901), np.float64(0.02734769484409233), np.float64(0.14860771622214974), np.float64(0.13346459566199986), np.float64(0.06878625267414272), np.float64(0.05622013724142491), np.float64(27.60445946041033)]"
27,198837.03459678986,"[np.float64(0.016806568224962237), np.float64(0.05769412873562901), np.float64(0.005569190848263572), np.float64(0.14860771622214974), np.float64(0.13346459566199986), np.float64(0.06878625267414272), np.float64(0.05622013724142491), np.float64(27.60445946041033)]"
29,194303.97637000837,"[np.float64(0.016806568224962237), np.float64(0.05769412873562901), np.float64(0.005569190848263572), np.float64(0.14860771622214974), np.float64(0.10508167453118517), np.float64(0.06878625267414272), np.float64(0.05622013724142491), np.float64(27.60445946041033)]"
31,188407.19274972813,"[np.float64(0.016806568224962237), np.float64(0.05769412873562901), np.float64(0.005569190848263572), np.float64(0.14860771622214974), np.float64(0.10508167453118517), np.float64(0.06878625267414272), np.float64(0.04155336715300317), np.float64(27.60445946041033)]"
32,187768.70041028463,"[np.float64(0.016806568224962237), np.float64(0.05769412873562901), np.float64(0.005569190848263572), np.float64(0.14860771622214974), np.float64(0.10508167453118517), np.float64(0.06878625267414272), np.float64(0.04155336715300317), np.float64(25.991004416327936)]"
48,187142.38414508558,"[np.float64(0.016806568224962237), np.float64(0.05769412873562901), np.float64(0.005569190848263572), np.float64(0.14860771622214974), np.float64(0.10508167453118517), np.float64(0.06878625267414272), np.float64(0.04155336715300317), np.float64(24.408318023947725)]"
60,174066.60577760095,"[np.float64(0.016806568224962237), np.float64(0.05769412873562901), np.float64(0.005569190848263572), np.float64(0.045404944923080226), np.float64(0.10508167453118517), np.float64(0.06878625267414272), np.float64(0.04155336715300317), np.float64(24.408318023947725)]"
64,173991.7573216555,"[np.float64(0.016806568224962237), np.float64(0.05769412873562901), np.float64(0.005569190848263572), np.float64(0.045404944923080226), np.float64(0.10508167453118517), np.float64(0.06878625267414272), np.float64(0.04155336715300317), np.float64(24.219177745628574)]"
80,173970.39271027897,"[np.float64(0.016806568224962237), np.float64(0.05769412873562901), np.float64(0.005569190848263572), np.float64(0.045404944923080226), np.float64(0.10508167453118517), np.float64(0.06878625267414272), np.float64(0.04155336715300317), np.float64(24.165189877864403)]"
91,171991.55717367932,"[np.float64(0.016806568224962237), np.float64(0.05769412873562901), np.float64(0.0005889614279500355), np.float64(0.045404944923080226), np.float64(0.10508167453118517), np.float64(0.06878625267414272), np.float64(0.04155336715300317), np.float64(24.165189877864403)]"
92,171235.46180217626,"[np.float64(0.016806568224962237), np.float64(0.05769412873562901), np.float64(0.0005889614279500355), np.float64(0.04007042105243663), np.float64(0.10508167453118517), np.float64(0.06878625267414272), np.float64(0.04155336715300317), np.float64(24.165189877864403)]"
140,169839.78262394856,"[np.float64(0.016806568224962237), np.float64(0.05769412873562901), np.float64(0.0005889614279500355), np.float64(0.03050202624344045), np.float64(0.10508167453118517), np.float64(0.06878625267414272), np.float64(0.04155336715300317), np.float64(24.165189877864403)]"
144,169794.7957640979,"[np.float64(0.016806568224962237), np.float64(0.05769412873562901), np.float64(0.0005889614279500355), np.float64(0.03050202624344045), np.float64(0.10508167453118517), np.float64(0.06878625267414272), np.float64(0.04155336715300317), np.float64(24.05150914677412)]"
158,164785.75635265233,"[np.float64(0.016806568224962237), np.float64(0.05769412873562901), np.float64(0.0005889614279500355), np.float64(0.03050202624344045), np.float64(0.10508167453118517), np.float64(0.061458978868925054), np.float64(0.04155336715300317), np.float64(24.05150914677412)]"
159,159557.34959966177,"[np.float64(0.016806568224962237), np.float64(0.05769412873562901), np.float64(0.0005889614279500355), np.float64(0.03050202624344045), np.float64(0.10508167453118517), np.float64(0.061458978868925054), np.float64(0.02856819561593099), np.float64(24.05150914677412)]"
160,159509.46259473937,"[np.float64(0.016806568224962237), np.float64(0.05769412873562901), np.float64(0.0005889614279500355), np.float64(0.03050202624344045), np.float64(0.10508167453118517), np.float64(0.061458978868925054), np.float64(0.02856819561593099), np.float64(23.93049981766391)]"
176,159492.11610298732,"[np.float64(0.016806568224962237), np.float64(0.05769412873562901), np.float64(0.0005889614279500355), np.float64(0.03050202624344045), np.float64(0.10508167453118517), np.float64(0.061458978868925054), np.float64(0.02856819561593099), np.float64(23.886665643178976)]"
191,158853.41814323663,"[np.float64(0.016806568224962237), np.float64(0.05769412873562901), np.float64(0.0005889614279500355), np.float64(0.03050202624344045), np.float64(0.10508167453118517), np.float64(0.061458978868925054), np.float64(0.026983594407572087), np.float64(23.886665643178976)]"
192,158461.32326769628,"[np.float64(0.016806568224962237), np.float64(0.05769412873562901), np.float64(0.0005889614279500355), np.float64(0.03050202624344045), np.float64(0.10508167453118517), np.float64(0.061458978868925054), np.float64(0.026983594407572087), np.float64(22.895851164103444)]"
208,158174.62113519738,"[np.float64(0.016806568224962237), np.float64(0.05769412873562901), np.float64(0.0005889614279500355), np.float64(0.03050202624344045), np.float64(0.10508167453118517), np.float64(0.061458978868925054), np.float64(0.026983594407572087), np.float64(22.171361654593124)]"
224,157937.07149293626,"[np.float64(0.016806568224962237), np.float64(0.05769412873562901), np.float64(0.0005889614279500355), np.float64(0.03050202624344045), np.float64(0.10508167453118517), np.float64(0.061458978868925054), np.float64(0.026983594407572087), np.float64(21.571079325661483)]"
240,157746.7807293038,"[np.float64(0.016806568224962237), np.float64(0.05769412873562901), np.float64(0.0005889614279500355), np.float64(0.03050202624344045), np.float64(0.10508167453118517), np.float64(0.061458978868925054), np.float64(0.026983594407572087), np.float64(21.0902190655483)]"
272,157439.96598700932,"[np.float64(0.016806568224962237), np.float64(0.05769412873562901), np.float64(0.0005889614279500355), np.float64(0.03050202624344045), np.float64(0.10508167453118517), np.float64(0.061458978868925054), np.float64(0.026983594407572087), np.float64(20.314905466664197)]"
352,156906.709613145,"[np.float64(0.016806568224962237), np.float64(0.05769412873562901), np.float64(0.0005889614279500355), np.float64(0.03050202624344045), np.float64(0.10508167453118517), np.float64(0.061458978868925054), np.float64(0.026983594407572087), np.float64(18.967379219207043)]"
365,156765.6381536582,"[np.float64(0.016806568224962237), np.float64(0.05769412873562901), np.float64(0.0005889614279500355), np.float64(0.03050202624344045), np.float64(0.10419838119849256), np.float64(0.061458978868925054), np.float64(0.026983594407572087), np.float64(18.967379219207043)]"
368,156700.1727413679,"[np.float64(0.016806568224962237), np.float64(0.05769412873562901), np.float64(0.0005889614279500355), np.float64(0.03050202624344045), np.float64(0.10419838119849256), np.float64(0.061458978868925054), np.float64(0.026983594407572087), np.float64(18.801949670334434)]"
384,156652.5876785711,"[np.float64(0.016806568224962237), np.float64(0.05769412873562901), np.float64(0.0005889614279500355), np.float64(0.03050202624344045), np.float64(0.10419838119849256), np.float64(0.061458978868925054), np.float64(0.026983594407572087), np.float64(18.68170334183598)]"
400,156499.93454680903,"[np.float64(0.016806568224962237), np.float64(0.05769412873562901), np.float64(0.0005889614279500355), np.float64(0.03050202624344045), np.float64(0.10419838119849256), np.float64(0.061458978868925054), np.float64(0.026983594407572087), np.float64(18.295952487485675)]"
432,156259.65647064656,"[np.float64(0.016806568224962237), np.float64(0.05769412873562901), np.float64(0.0005889614279500355), np.float64(0.03050202624344045), np.float64(0.10419838119849256), np.float64(0.061458978868925054), np.float64(0.026983594407572087), np.float64(17.68877547060144)]"
448,156220.65737550106,"[np.float64(0.016806568224962237), np.float64(0.05769412873562901), np.float64(0.0005889614279500355), np.float64(0.03050202624344045), np.float64(0.10419838119849256), np.float64(0.061458978868925054), np.float64(0.026983594407572087), np.float64(17.590225679335344)]"
528,156193.16656428558,"[np.float64(0.016806568224962237), np.float64(0.05769412873562901), np.float64(0.0005889614279500355), np.float64(0.03050202624344045), np.float64(0.10419838119849256), np.float64(0.061458978868925054), np.float64(0.026983594407572087), np.float64(17.520757049437332)]"
784,156185.60902790274,"[np.float64(0.016806568224962237), np.float64(0.05769412873562901), np.float64(0.0005889614279500355), np.float64(0.03050202624344045), np.float64(0.10419838119849256), np.float64(0.061458978868925054), np.float64(0.026983594407572087), np.float64(17.501659333702232)]"
1069,153988.59854583957,"[np.float64(0.08384366022988934), np.float64(0.0026443161547890226), np.float64(0.022634297085578736), np.float64(0.06045801476824386), np.float64(0.05540185281521137), np.float64(0.004150916079537478), np.float64(0.004123208084297697), np.float64(21.163070509534048)]"
1073,153704.06223634805,"[np.float64(0.08384366022988934), np.float64(0.0026443161547890226), np.float64(0.022634297085578736), np.float64(0.06045801476824386), np.float64(0.05540185281521137), np.float64(0.004150916079537478), np.float64(0.004123208084297697), np.float64(20.444053983550642)]"
1089,153330.89818074976,"[np.float64(0.08384366022988934), np.float64(0.0026443161547890226), np.float64(0.022634297085578736), np.float64(0.06045801476824386), np.float64(0.05540185281521137), np.float64(0.004150916079537478), np.float64(0.004123208084297697), np.float64(19.501077238833492)]"
1117,150882.30269697114,"[np.float64(0.08384366022988934), np.float64(0.0026443161547890226), np.float64(0.022634297085578736), np.float64(0.042708957227607036), np.float64(0.05540185281521137), np.float64(0.004150916079537478), np.float64(0.004123208084297697), np.float64(19.501077238833492)]"
1121,149904.65838470685,"[np.float64(0.08384366022988934), np.float64(0.0026443161547890226), np.float64(0.022634297085578736), np.float64(0.042708957227607036), np.float64(0.05540185281521137), np.float64(0.004150916079537478), np.float64(0.004123208084297697), np.float64(17.030593178968214)]"
1137,149853.19101128198,"[np.float64(0.08384366022988934), np.float64(0.0026443161547890226), np.float64(0.022634297085578736), np.float64(0.042708957227607036), np.float64(0.05540185281521137), np.float64(0.004150916079537478), np.float64(0.004123208084297697), np.float64(16.90053634331309)]"
1201,149172.14165989988,"[np.float64(0.08384366022988934), np.float64(0.0026443161547890226), np.float64(0.022634297085578736), np.float64(0.042708957227607036), np.float64(0.05540185281521137), np.float64(0.004150916079537478), np.float64(0.004123208084297697), np.float64(15.179540736358401)]"
1233,148936.3800718543,"[np.float64(0.08384366022988934), np.float64(0.0026443161547890226), np.float64(0.022634297085578736), np.float64(0.042708957227607036), np.float64(0.05540185281521137), np.float64(0.004150916079537478), np.float64(0.004123208084297697), np.float64(14.583776778149424)]"
1249,148746.61751723915,"[np.float64(0.08384366022988934), np.float64(0.0026443161547890226), np.float64(0.022634297085578736), np.float64(0.042708957227607036), np.float64(0.05540185281521137), np.float64(0.004150916079537478), np.float64(0.004123208084297697), np.float64(14.10425128973299)]"
1265,148700.61737173234,"[np.float64(0.08384366022988934), np.float64(0.0026443161547890226), np.float64(0.022634297085578736), np.float64(0.042708957227607036), np.float64(0.05540185281521137), np.float64(0.004150916079537478), np.float64(0.004123208084297697), np.float64(13.988010009749654)]"
1313,148444.67206498655,"[np.float64(0.08384366022988934), np.float64(0.0026443161547890226), np.float64(0.022634297085578736), np.float64(0.042708957227607036), np.float64(0.05540185281521137), np.float64(0.004150916079537478), np.float64(0.004123208084297697), np.float64(13.34124227164622)]"
1377,147950.6346580927,"[np.float64(0.08384366022988934), np.float64(0.0026443161547890226), np.float64(0.022634297085578736), np.float64(0.042708957227607036), np.float64(0.05540185281521137), np.float64(0.004150916079537478), np.float64(0.004123208084297697), np.float64(12.092821426357748)]"
1409,147370.75106276775,"[np.float64(0.08384366022988934), np.float64(0.0026443161547890226), np.float64(0.022634297085578736), np.float64(0.042708957227607036), np.float64(0.05540185281521137), np.float64(0.004150916079537478), np.float64(0.004123208084297697), np.float64(10.62746929280966)]"
1425,147092.11461321727,"[np.float64(0.08384366022988934), np.float64(0.0026443161547890226), np.float64(0.022634297085578736), np.float64(0.042708957227607036), np.float64(0.05540185281521137), np.float64(0.004150916079537478), np.float64(0.004123208084297697), np.float64(9.923361573390121)]"
1441,146760.7996051871,"[np.float64(0.08384366022988934), np.float64(0.0026443161547890226), np.float64(0.022634297085578736), np.float64(0.042708957227607036), np.float64(0.05540185281521137), np.float64(0.004150916079537478), np.float64(0.004123208084297697), np.float64(9.086136382321367)]"
1457,146267.7926486055,"[np.float64(0.08384366022988934), np.float64(0.0026443161547890226), np.float64(0.022634297085578736), np.float64(0.042708957227607036), np.float64(0.05540185281521137), np.float64(0.004150916079537478), np.float64(0.004123208084297697), np.float64(7.840319460606157)]"
1505,145872.59460161926,"[np.float64(0.08384366022988934), np.float64(0.0026443161547890226), np.float64(0.022634297085578736), np.float64(0.042708957227607036), np.float64(0.05540185281521137), np.float64(0.004150916079537478), np.float64(0.004123208084297697), np.float64(6.8416633406640095)]"
1569,145832.41605631117,"[np.float64(0.08384366022988934), np.float64(0.0026443161547890226), np.float64(0.022634297085578736), np.float64(0.042708957227607036), np.float64(0.05540185281521137), np.float64(0.004150916079537478), np.float64(0.004123208084297697), np.float64(6.740133106726116)]"
3214,140496.1430335898,"[np.float64(0.011674121630661838), np.float64(0.004861475404121934), np.float64(0.05794974635602135), np.float64(0.029737454404763497), np.float64(0.16738912342031076), np.float64(0.06570881004142982), np.float64(0.013516827442710322), np.float64(28.663916255698663)]"
3217,136736.77429263177,"[np.float64(0.011674121630661838), np.float64(0.004861475404121934), np.float64(0.05794974635602135), np.float64(0.029737454404763497), np.float64(0.14385051854515996), np.float64(0.06570881004142982), np.float64(0.013516827442710322), np.float64(28.663916255698663)]"
3236,136618.70025675802,"[np.float64(0.011674121630661838), np.float64(0.004861475404121934), np.float64(0.05794974635602135), np.float64(0.029737454404763497), np.float64(0.14385051854515996), np.float64(0.06570881004142982), np.float64(0.013516827442710322), np.float64(28.36554595900611)]"
3279,133046.87426943964,"[np.float64(0.011674121630661838), np.float64(0.004861475404121934), np.float64(0.04488174892384658), np.float64(0.029737454404763497), np.float64(0.14385051854515996), np.float64(0.06570881004142982), np.float64(0.013516827442710322), np.float64(28.36554595900611)]"
3332,132531.7286734574,"[np.float64(0.011674121630661838), np.float64(0.004861475404121934), np.float64(0.04488174892384658), np.float64(0.029737454404763497), np.float64(0.14385051854515996), np.float64(0.06570881004142982), np.float64(0.013516827442710322), np.float64(27.06378521901232)]"
3380,132195.9749699081,"[np.float64(0.011674121630661838), np.float64(0.004861475404121934), np.float64(0.04488174892384658), np.float64(0.029737454404763497), np.float64(0.14385051854515996), np.float64(0.06570881004142982), np.float64(0.013516827442710322), np.float64(26.215343549323496)]"
3396,132108.11276763596,"[np.float64(0.011674121630661838), np.float64(0.004861475404121934), np.float64(0.04488174892384658), np.float64(0.029737454404763497), np.float64(0.14385051854515996), np.float64(0.06570881004142982), np.float64(0.013516827442710322), np.float64(25.99331784175789)]"
3409,131917.63477912953,"[np.float64(0.011674121630661838), np.float64(0.004861475404121934), np.float64(0.04488174892384658), np.float64(0.029737454404763497), np.float64(0.1426578752005424), np.float64(0.06570881004142982), np.float64(0.013516827442710322), np.float64(25.99331784175789)]"
3524,131716.44387963435,"[np.float64(0.011674121630661838), np.float64(0.004861475404121934), np.float64(0.04488174892384658), np.float64(0.029737454404763497), np.float64(0.1426578752005424), np.float64(0.06570881004142982), np.float64(0.013516827442710322), np.float64(25.484913196062525)]"
3539,130871.23920657432,"[np.float64(0.011674121630661838), np.float64(0.004861475404121934), np.float64(0.04488174892384658), np.float64(0.029737454404763497), np.float64(0.1426578752005424), np.float64(0.06570881004142982), np.float64(0.011428327059148868), np.float64(25.484913196062525)]"
3540,130594.03366308603,"[np.float64(0.011674121630661838), np.float64(0.004861475404121934), np.float64(0.04488174892384658), np.float64(0.029737454404763497), np.float64(0.1426578752005424), np.float64(0.06570881004142982), np.float64(0.011428327059148868), np.float64(24.784421342427127)]"
3569,129858.98013635878,"[np.float64(0.011674121630661838), np.float64(0.004861475404121934), np.float64(0.04488174892384658), np.float64(0.029737454404763497), np.float64(0.1380554709885763), np.float64(0.06570881004142982), np.float64(0.011428327059148868), np.float64(24.784421342427127)]"
3588,129672.75462009179,"[np.float64(0.011674121630661838), np.float64(0.004861475404121934), np.float64(0.04488174892384658), np.float64(0.029737454404763497), np.float64(0.1380554709885763), np.float64(0.06570881004142982), np.float64(0.011428327059148868), np.float64(24.313833866280273)]"
3604,129244.96846919142,"[np.float64(0.011674121630661838), np.float64(0.004861475404121934), np.float64(0.04488174892384658), np.float64(0.029737454404763497), np.float64(0.1380554709885763), np.float64(0.06570881004142982), np.float64(0.011428327059148868), np.float64(23.23282837832036)]"
3636,128938.21201014538,"[np.float64(0.011674121630661838), np.float64(0.004861475404121934), np.float64(0.04488174892384658), np.float64(0.029737454404763497), np.float64(0.1380554709885763), np.float64(0.06570881004142982), np.float64(0.011428327059148868), np.float64(22.457662059826912)]"
3760,128845.65925465095,"[np.float64(0.011674121630661838), np.float64(0.004861475404121934), np.float64(0.04488174892384658), np.float64(0.02911940584969175), np.float64(0.1380554709885763), np.float64(0.06570881004142982), np.float64(0.011428327059148868), np.float64(22.457662059826912)]"
3956,128838.84520324736,"[np.float64(0.011674121630661838), np.float64(0.004861475404121934), np.float64(0.04488174892384658), np.float64(0.02911940584969175), np.float64(0.1380554709885763), np.float64(0.06570881004142982), np.float64(0.011428327059148868), np.float64(22.44044311305407)]"
4883,126436.05051768108,"[np.float64(0.05698438687087806), np.float64(0.0), np.float64(0.0), np.float64(0.0), np.float64(0.15508443637539915), np.float64(0.03890108018687416), np.float64(0.0), np.float64(0.0)]"
4995,123599.96566407013,"[np.float64(0.05698438687087806), np.float64(0.0), np.float64(0.0), np.float64(0.0), np.float64(0.1373268059428664), np.float64(0.03890108018687416), np.float64(0.0), np.float64(0.0)]"
5060,119917.67389472814,"[np.float64(0.05698438687087806), np.float64(0.0), np.float64(0.0), np.float64(0.0), np.float64(0.1373268059428664), np.float64(0.033514586328786955), np.float64(0.0), np.float64(0.0)]"
5123,119758.87722716504,"[np.float64(0.05698438687087806), np.float64(0.0), np.float64(0.0), np.float64(0.0), np.float64(0.13633252943773533), np.float64(0.033514586328786955), np.float64(0.0), np.float64(0.0)]"
5204,119512.23682910728,"[np.float64(0.05698438687087806), np.float64(0.0), np.float64(0.0), np.float64(0.0), np.float64(0.13633252943773533), np.float64(0.03315379824557331), np.float64(0.0), np.float64(0.0)]"
5332,119422.30145443027,"[np.float64(0.05698438687087806), np.float64(0.0), np.float64(0.0), np.float64(0.0), np.float64(0.13633252943773533), np.float64(0.033022239864633526), np.float64(0.0), np.float64(0.0)]"
10413,117386.8467644794,"[np.float64(0.0), np.float64(0.0), np.float64(0.0), np.float64(0.6236220472440945), np.float64(0.22273762612903225), np.float64(0.0), np.float64(0.0), np.float64(30.2273936843)]"
11214,101677.84380084282,"[np.float64(0.0), np.float64(0.0), np.float64(0.0), np.float64(0.0), np.float64(0.22273762612903225), np.float64(0.0792), np.float64(0.0), np.float64(30.2273936843)]"
